starts_at,guest_name,party_size,phone,email,booked_via,external_id,table_id,guest_confirmation,notes,needs_review,reservation_key
2026-10-07 18:30:00,Quinn Harper,4,+12125550177,quinn.h@example.com,website,W-2005,,unconfirmed,,False,website:W-2005
2026-10-07 18:45:00,Robin Diaz,2,+12125550161,robin.d@example.com,resy,RSY-10457,T2,unconfirmed,,False,resy:RSY-10457
2026-10-07 19:15:00,Alex Romero,2,+19175550191,alex.r@example.com,website,W-2001,,unconfirmed,Patio if possible,False,website:W-2001
2026-10-07 19:15:00,Morgan Patel,3,+16465550117,morgan.p@example.com,resy,RSY-10433,T7,unconfirmed,Window seat,False,resy:RSY-10433
2026-10-07 19:30:00,Riley Thompson,6,+19175550123,riley.t@example.com,resy,RSY-10440,T12,unconfirmed,Birthday,False,resy:RSY-10440
2026-10-07 19:45:00,Riley Thompson,6,+19175550123,riley.t@example.com,website,W-2004,,unconfirmed,,False,website:W-2004
2026-10-07 20:00:00,Jordan Lee,4,+12125550142,jordan.lee@example.com,resy,RSY-10458,,unconfirmed,Anniversary,False,resy:RSY-10458
2026-10-07 20:15:00,Casey Nguyen,4,+12125550131,,resy,RSY-10447,T9,unconfirmed,Nut allergy,False,resy:RSY-10447
2026-10-07 20:30:00,Taylor Brooks,2,,,resy,RSY-10450,,unconfirmed,,True,resy:RSY-10450
2026-10-07 21:15:00,Sky Martin,2,+13475550199,sky.m@example.com,website,W-2003,,unconfirmed,First time visiting!,False,website:W-2003
